,cmip,gcm_original,gcm,scenario,rgi_reg,end_year,bias_correction,perc_area_missing,fpath,exp,historical_future_option,oggm_version
CMIP6:2100:MRI-ESM2-0:ssp126:RGI2000-v7.0-G-11,CMIP6,MRI-ESM2-0,MRI-ESM2-0,ssp126,RGI2000-v7.0-G-11,2101,2000-2019,0.000620332465015716,/home/www/oggm/oggm-standard-projections/oggm_v16/2025.6/w5e5/regional_spinup/CMIP6/2100/RGI2000-v7.0-G-11/run_hydro_w5e5_gcm_merged_MRI-ESM2-0_ssp126_bc_2000_2019_endyr2101_Batch_*,regional_spinup,w5e5_gcm_merged,oggm_v1.6.3_2025.6
CMIP6:2100:MRI-ESM2-0:ssp370:RGI2000-v7.0-G-11,CMIP6,MRI-ESM2-0,MRI-ESM2-0,ssp370,RGI2000-v7.0-G-11,2101,2000-2019,0.000620332465015716,/home/www/oggm/oggm-standard-projections/oggm_v16/2025.6/w5e5/regional_spinup/CMIP6/2100/RGI2000-v7.0-G-11/run_hydro_w5e5_gcm_merged_MRI-ESM2-0_ssp370_bc_2000_2019_endyr2101_Batch_*,regional_spinup,w5e5_gcm_merged,oggm_v1.6.3_2025.6
CMIP6:2100:MRI-ESM2-0:ssp585:RGI2000-v7.0-G-11,CMIP6,MRI-ESM2-0,MRI-ESM2-0,ssp585,RGI2000-v7.0-G-11,2101,2000-2019,0.000620332465015716,/home/www/oggm/oggm-standard-projections/oggm_v16/2025.6/w5e5/regional_spinup/CMIP6/2100/RGI2000-v7.0-G-11/run_hydro_w5e5_gcm_merged_MRI-ESM2-0_ssp585_bc_2000_2019_endyr2101_Batch_*,regional_spinup,w5e5_gcm_merged,oggm_v1.6.3_2025.6
CMIP6:2100:MRI-ESM2-0:ssp585:RGI2000-v7.0-G-08,CMIP6,MRI-ESM2-0,MRI-ESM2-0,ssp585,RGI2000-v7.0-G-08,2101,2000-2019,0.0002434211406651126,/home/www/oggm/oggm-standard-projections/oggm_v16/2025.6/w5e5/regional_spinup/CMIP6/2100/RGI2000-v7.0-G-08/run_hydro_w5e5_gcm_merged_MRI-ESM2-0_ssp585_bc_2000_2019_endyr2101_Batch_*,regional_spinup,w5e5_gcm_merged,oggm_v1.6.3_2025.6
CMIP6:2100:MRI-ESM2-0:ssp370:RGI2000-v7.0-G-08,CMIP6,MRI-ESM2-0,MRI-ESM2-0,ssp370,RGI2000-v7.0-G-08,2101,2000-2019,0.0002434211406651126,/home/www/oggm/oggm-standard-projections/oggm_v16/2025.6/w5e5/regional_spinup/CMIP6/2100/RGI2000-v7.0-G-08/run_hydro_w5e5_gcm_merged_MRI-ESM2-0_ssp370_bc_2000_2019_endyr2101_Batch_*,regional_spinup,w5e5_gcm_merged,oggm_v1.6.3_2025.6
CMIP6:2100:MRI-ESM2-0:ssp126:RGI2000-v7.0-G-08,CMIP6,MRI-ESM2-0,MRI-ESM2-0,ssp126,RGI2000-v7.0-G-08,2101,2000-2019,0.0002434211406651126,/home/www/oggm/oggm-standard-projections/oggm_v16/2025.6/w5e5/regional_spinup/CMIP6/2100/RGI2000-v7.0-G-08/run_hydro_w5e5_gcm_merged_MRI-ESM2-0_ssp126_bc_2000_2019_endyr2101_Batch_*,regional_spinup,w5e5_gcm_merged,oggm_v1.6.3_2025.6
CMIP6:2100:MRI-ESM2-0:ssp585:RGI2000-v7.0-G-02,CMIP6,MRI-ESM2-0,MRI-ESM2-0,ssp585,RGI2000-v7.0-G-02,2101,2000-2019,0.0018893783105029189,/home/www/oggm/oggm-standard-projections/oggm_v16/2025.6/w5e5/regional_spinup/CMIP6/2100/RGI2000-v7.0-G-02/run_hydro_w5e5_gcm_merged_MRI-ESM2-0_ssp585_bc_2000_2019_endyr2101_Batch_*,regional_spinup,w5e5_gcm_merged,oggm_v1.6.3_2025.6
CMIP6:2100:MRI-ESM2-0:ssp370:RGI2000-v7.0-G-02,CMIP6,MRI-ESM2-0,MRI-ESM2-0,ssp370,RGI2000-v7.0-G-02,2101,2000-2019,0.0018893783105029189,/home/www/oggm/oggm-standard-projections/oggm_v16/2025.6/w5e5/regional_spinup/CMIP6/2100/RGI2000-v7.0-G-02/run_hydro_w5e5_gcm_merged_MRI-ESM2-0_ssp370_bc_2000_2019_endyr2101_Batch_*,regional_spinup,w5e5_gcm_merged,oggm_v1.6.3_2025.6
CMIP6:2100:MRI-ESM2-0:ssp126:RGI2000-v7.0-G-02,CMIP6,MRI-ESM2-0,MRI-ESM2-0,ssp126,RGI2000-v7.0-G-02,2101,2000-2019,0.0018893783105029189,/home/www/oggm/oggm-standard-projections/oggm_v16/2025.6/w5e5/regional_spinup/CMIP6/2100/RGI2000-v7.0-G-02/run_hydro_w5e5_gcm_merged_MRI-ESM2-0_ssp126_bc_2000_2019_endyr2101_Batch_*,regional_spinup,w5e5_gcm_merged,oggm_v1.6.3_2025.6
CMIP6:2100:MRI-ESM2-0:ssp585:RGI2000-v7.0-G-05,CMIP6,MRI-ESM2-0,MRI-ESM2-0,ssp585,RGI2000-v7.0-G-05,2101,2000-2019,9.557063237824216e-05,/home/www/oggm/oggm-standard-projections/oggm_v16/2025.6/w5e5/regional_spinup/CMIP6/2100/RGI2000-v7.0-G-05/run_hydro_w5e5_gcm_merged_MRI-ESM2-0_ssp585_bc_2000_2019_endyr2101_Batch_*,regional_spinup,w5e5_gcm_merged,oggm_v1.6.3_2025.6
CMIP6:2100:MRI-ESM2-0:ssp370:RGI2000-v7.0-G-05,CMIP6,MRI-ESM2-0,MRI-ESM2-0,ssp370,RGI2000-v7.0-G-05,2101,2000-2019,9.557063237824216e-05,/home/www/oggm/oggm-standard-projections/oggm_v16/2025.6/w5e5/regional_spinup/CMIP6/2100/RGI2000-v7.0-G-05/run_hydro_w5e5_gcm_merged_MRI-ESM2-0_ssp370_bc_2000_2019_endyr2101_Batch_*,regional_spinup,w5e5_gcm_merged,oggm_v1.6.3_2025.6
CMIP6:2100:MRI-ESM2-0:ssp126:RGI2000-v7.0-G-05,CMIP6,MRI-ESM2-0,MRI-ESM2-0,ssp126,RGI2000-v7.0-G-05,2101,2000-2019,9.557063237824216e-05,/home/www/oggm/oggm-standard-projections/oggm_v16/2025.6/w5e5/regional_spinup/CMIP6/2100/RGI2000-v7.0-G-05/run_hydro_w5e5_gcm_merged_MRI-ESM2-0_ssp126_bc_2000_2019_endyr2101_Batch_*,regional_spinup,w5e5_gcm_merged,oggm_v1.6.3_2025.6
CMIP6:2100:MRI-ESM2-0:ssp126:RGI2000-v7.0-G-16,CMIP6,MRI-ESM2-0,MRI-ESM2-0,ssp126,RGI2000-v7.0-G-16,2101,2000-2019,0.0011518997057727812,/home/www/oggm/oggm-standard-projections/oggm_v16/2025.6/w5e5/regional_spinup/CMIP6/2100/RGI2000-v7.0-G-16/run_hydro_w5e5_gcm_merged_MRI-ESM2-0_ssp126_bc_2000_2019_endyr2101_Batch_*,regional_spinup,w5e5_gcm_merged,oggm_v1.6.3_2025.6
CMIP6:2100:MRI-ESM2-0:ssp370:RGI2000-v7.0-G-16,CMIP6,MRI-ESM2-0,MRI-ESM2-0,ssp370,RGI2000-v7.0-G-16,2101,2000-2019,0.0011518997057727812,/home/www/oggm/oggm-standard-projections/oggm_v16/2025.6/w5e5/regional_spinup/CMIP6/2100/RGI2000-v7.0-G-16/run_hydro_w5e5_gcm_merged_MRI-ESM2-0_ssp370_bc_2000_2019_endyr2101_Batch_*,regional_spinup,w5e5_gcm_merged,oggm_v1.6.3_2025.6
CMIP6:2100:MRI-ESM2-0:ssp585:RGI2000-v7.0-G-16,CMIP6,MRI-ESM2-0,MRI-ESM2-0,ssp585,RGI2000-v7.0-G-16,2101,2000-2019,0.0011518997057727812,/home/www/oggm/oggm-standard-projections/oggm_v16/2025.6/w5e5/regional_spinup/CMIP6/2100/RGI2000-v7.0-G-16/run_hydro_w5e5_gcm_merged_MRI-ESM2-0_ssp585_bc_2000_2019_endyr2101_Batch_*,regional_spinup,w5e5_gcm_merged,oggm_v1.6.3_2025.6
CMIP6:2100:MRI-ESM2-0:ssp585:RGI2000-v7.0-G-18,CMIP6,MRI-ESM2-0,MRI-ESM2-0,ssp585,RGI2000-v7.0-G-18,2101,2000-2019,0.0010737004311449283,/home/www/oggm/oggm-standard-projections/oggm_v16/2025.6/w5e5/regional_spinup/CMIP6/2100/RGI2000-v7.0-G-18/run_hydro_w5e5_gcm_merged_MRI-ESM2-0_ssp585_bc_2000_2019_endyr2101_Batch_*,regional_spinup,w5e5_gcm_merged,oggm_v1.6.3_2025.6
CMIP6:2100:MRI-ESM2-0:ssp126:RGI2000-v7.0-G-18,CMIP6,MRI-ESM2-0,MRI-ESM2-0,ssp126,RGI2000-v7.0-G-18,2101,2000-2019,0.0010737004311449283,/home/www/oggm/oggm-standard-projections/oggm_v16/2025.6/w5e5/regional_spinup/CMIP6/2100/RGI2000-v7.0-G-18/run_hydro_w5e5_gcm_merged_MRI-ESM2-0_ssp126_bc_2000_2019_endyr2101_Batch_*,regional_spinup,w5e5_gcm_merged,oggm_v1.6.3_2025.6
CMIP6:2100:MRI-ESM2-0:ssp370:RGI2000-v7.0-G-18,CMIP6,MRI-ESM2-0,MRI-ESM2-0,ssp370,RGI2000-v7.0-G-18,2101,2000-2019,0.0010737004311449283,/home/www/oggm/oggm-standard-projections/oggm_v16/2025.6/w5e5/regional_spinup/CMIP6/2100/RGI2000-v7.0-G-18/run_hydro_w5e5_gcm_merged_MRI-ESM2-0_ssp370_bc_2000_2019_endyr2101_Batch_*,regional_spinup,w5e5_gcm_merged,oggm_v1.6.3_2025.6
CMIP6:2100:MRI-ESM2-0:ssp126:RGI2000-v7.0-G-12,CMIP6,MRI-ESM2-0,MRI-ESM2-0,ssp126,RGI2000-v7.0-G-12,2101,2000-2019,0.00019337408374002873,/home/www/oggm/oggm-standard-projections/oggm_v16/2025.6/w5e5/regional_spinup/CMIP6/2100/RGI2000-v7.0-G-12/run_hydro_w5e5_gcm_merged_MRI-ESM2-0_ssp126_bc_2000_2019_endyr2101_Batch_*,regional_spinup,w5e5_gcm_merged,oggm_v1.6.3_2025.6
CMIP6:2100:MRI-ESM2-0:ssp370:RGI2000-v7.0-G-12,CMIP6,MRI-ESM2-0,MRI-ESM2-0,ssp370,RGI2000-v7.0-G-12,2101,2000-2019,0.00019337408374002873,/home/www/oggm/oggm-standard-projections/oggm_v16/2025.6/w5e5/regional_spinup/CMIP6/2100/RGI2000-v7.0-G-12/run_hydro_w5e5_gcm_merged_MRI-ESM2-0_ssp370_bc_2000_2019_endyr2101_Batch_*,regional_spinup,w5e5_gcm_merged,oggm_v1.6.3_2025.6
CMIP6:2100:MRI-ESM2-0:ssp585:RGI2000-v7.0-G-12,CMIP6,MRI-ESM2-0,MRI-ESM2-0,ssp585,RGI2000-v7.0-G-12,2101,2000-2019,0.00019337408374002873,/home/www/oggm/oggm-standard-projections/oggm_v16/2025.6/w5e5/regional_spinup/CMIP6/2100/RGI2000-v7.0-G-12/run_hydro_w5e5_gcm_merged_MRI-ESM2-0_ssp585_bc_2000_2019_endyr2101_Batch_*,regional_spinup,w5e5_gcm_merged,oggm_v1.6.3_2025.6
CMIP6:2100:MRI-ESM2-0:ssp370:RGI2000-v7.0-G-01,CMIP6,MRI-ESM2-0,MRI-ESM2-0,ssp370,RGI2000-v7.0-G-01,2101,2000-2019,0.000289791568594844,/home/www/oggm/oggm-standard-projections/oggm_v16/2025.6/w5e5/regional_spinup/CMIP6/2100/RGI2000-v7.0-G-01/run_hydro_w5e5_gcm_merged_MRI-ESM2-0_ssp370_bc_2000_2019_endyr2101_Batch_*,regional_spinup,w5e5_gcm_merged,oggm_v1.6.3_2025.6
CMIP6:2100:MRI-ESM2-0:ssp126:RGI2000-v7.0-G-01,CMIP6,MRI-ESM2-0,MRI-ESM2-0,ssp126,RGI2000-v7.0-G-01,2101,2000-2019,0.000289791568594844,/home/www/oggm/oggm-standard-projections/oggm_v16/2025.6/w5e5/regional_spinup/CMIP6/2100/RGI2000-v7.0-G-01/run_hydro_w5e5_gcm_merged_MRI-ESM2-0_ssp126_bc_2000_2019_endyr2101_Batch_*,regional_spinup,w5e5_gcm_merged,oggm_v1.6.3_2025.6
CMIP6:2100:MRI-ESM2-0:ssp585:RGI2000-v7.0-G-01,CMIP6,MRI-ESM2-0,MRI-ESM2-0,ssp585,RGI2000-v7.0-G-01,2101,2000-2019,0.000289791568594844,/home/www/oggm/oggm-standard-projections/oggm_v16/2025.6/w5e5/regional_spinup/CMIP6/2100/RGI2000-v7.0-G-01/run_hydro_w5e5_gcm_merged_MRI-ESM2-0_ssp585_bc_2000_2019_endyr2101_Batch_*,regional_spinup,w5e5_gcm_merged,oggm_v1.6.3_2025.6
CMIP6:2100:MRI-ESM2-0:ssp585:RGI2000-v7.0-G-06,CMIP6,MRI-ESM2-0,MRI-ESM2-0,ssp585,RGI2000-v7.0-G-06,2101,2000-2019,5.0440095245346e-06,/home/www/oggm/oggm-standard-projections/oggm_v16/2025.6/w5e5/regional_spinup/CMIP6/2100/RGI2000-v7.0-G-06/run_hydro_w5e5_gcm_merged_MRI-ESM2-0_ssp585_bc_2000_2019_endyr2101_Batch_*,regional_spinup,w5e5_gcm_merged,oggm_v1.6.3_2025.6
CMIP6:2100:MRI-ESM2-0:ssp126:RGI2000-v7.0-G-06,CMIP6,MRI-ESM2-0,MRI-ESM2-0,ssp126,RGI2000-v7.0-G-06,2101,2000-2019,5.0440095245346e-06,/home/www/oggm/oggm-standard-projections/oggm_v16/2025.6/w5e5/regional_spinup/CMIP6/2100/RGI2000-v7.0-G-06/run_hydro_w5e5_gcm_merged_MRI-ESM2-0_ssp126_bc_2000_2019_endyr2101_Batch_*,regional_spinup,w5e5_gcm_merged,oggm_v1.6.3_2025.6
CMIP6:2100:MRI-ESM2-0:ssp370:RGI2000-v7.0-G-06,CMIP6,MRI-ESM2-0,MRI-ESM2-0,ssp370,RGI2000-v7.0-G-06,2101,2000-2019,5.0440095245346e-06,/home/www/oggm/oggm-standard-projections/oggm_v16/2025.6/w5e5/regional_spinup/CMIP6/2100/RGI2000-v7.0-G-06/run_hydro_w5e5_gcm_merged_MRI-ESM2-0_ssp370_bc_2000_2019_endyr2101_Batch_*,regional_spinup,w5e5_gcm_merged,oggm_v1.6.3_2025.6
CMIP6:2100:MRI-ESM2-0:ssp370:RGI2000-v7.0-G-15,CMIP6,MRI-ESM2-0,MRI-ESM2-0,ssp370,RGI2000-v7.0-G-15,2101,2000-2019,0.00047731618183557647,/home/www/oggm/oggm-standard-projections/oggm_v16/2025.6/w5e5/regional_spinup/CMIP6/2100/RGI2000-v7.0-G-15/run_hydro_w5e5_gcm_merged_MRI-ESM2-0_ssp370_bc_2000_2019_endyr2101_Batch_*,regional_spinup,w5e5_gcm_merged,oggm_v1.6.3_2025.6
CMIP6:2100:MRI-ESM2-0:ssp126:RGI2000-v7.0-G-15,CMIP6,MRI-ESM2-0,MRI-ESM2-0,ssp126,RGI2000-v7.0-G-15,2101,2000-2019,0.0005028467784988655,/home/www/oggm/oggm-standard-projections/oggm_v16/2025.6/w5e5/regional_spinup/CMIP6/2100/RGI2000-v7.0-G-15/run_hydro_w5e5_gcm_merged_MRI-ESM2-0_ssp126_bc_2000_2019_endyr2101_Batch_*,regional_spinup,w5e5_gcm_merged,oggm_v1.6.3_2025.6
CMIP6:2100:MRI-ESM2-0:ssp585:RGI2000-v7.0-G-15,CMIP6,MRI-ESM2-0,MRI-ESM2-0,ssp585,RGI2000-v7.0-G-15,2101,2000-2019,0.00047731618183557647,/home/www/oggm/oggm-standard-projections/oggm_v16/2025.6/w5e5/regional_spinup/CMIP6/2100/RGI2000-v7.0-G-15/run_hydro_w5e5_gcm_merged_MRI-ESM2-0_ssp585_bc_2000_2019_endyr2101_Batch_*,regional_spinup,w5e5_gcm_merged,oggm_v1.6.3_2025.6
CMIP6:2100:MRI-ESM2-0:ssp585:RGI2000-v7.0-G-17,CMIP6,MRI-ESM2-0,MRI-ESM2-0,ssp585,RGI2000-v7.0-G-17,2101,2000-2019,0.0008997753640416093,/home/www/oggm/oggm-standard-projections/oggm_v16/2025.6/w5e5/regional_spinup/CMIP6/2100/RGI2000-v7.0-G-17/run_hydro_w5e5_gcm_merged_MRI-ESM2-0_ssp585_bc_2000_2019_endyr2101_Batch_*,regional_spinup,w5e5_gcm_merged,oggm_v1.6.3_2025.6
CMIP6:2100:MRI-ESM2-0:ssp126:RGI2000-v7.0-G-17,CMIP6,MRI-ESM2-0,MRI-ESM2-0,ssp126,RGI2000-v7.0-G-17,2101,2000-2019,0.0008997753640416093,/home/www/oggm/oggm-standard-projections/oggm_v16/2025.6/w5e5/regional_spinup/CMIP6/2100/RGI2000-v7.0-G-17/run_hydro_w5e5_gcm_merged_MRI-ESM2-0_ssp126_bc_2000_2019_endyr2101_Batch_*,regional_spinup,w5e5_gcm_merged,oggm_v1.6.3_2025.6
CMIP6:2100:MRI-ESM2-0:ssp370:RGI2000-v7.0-G-17,CMIP6,MRI-ESM2-0,MRI-ESM2-0,ssp370,RGI2000-v7.0-G-17,2101,2000-2019,0.0008997753640416093,/home/www/oggm/oggm-standard-projections/oggm_v16/2025.6/w5e5/regional_spinup/CMIP6/2100/RGI2000-v7.0-G-17/run_hydro_w5e5_gcm_merged_MRI-ESM2-0_ssp370_bc_2000_2019_endyr2101_Batch_*,regional_spinup,w5e5_gcm_merged,oggm_v1.6.3_2025.6
CMIP6:2100:MRI-ESM2-0:ssp370:RGI2000-v7.0-G-04,CMIP6,MRI-ESM2-0,MRI-ESM2-0,ssp370,RGI2000-v7.0-G-04,2101,2000-2019,8.711034821688325e-06,/home/www/oggm/oggm-standard-projections/oggm_v16/2025.6/w5e5/regional_spinup/CMIP6/2100/RGI2000-v7.0-G-04/run_hydro_w5e5_gcm_merged_MRI-ESM2-0_ssp370_bc_2000_2019_endyr2101_Batch_*,regional_spinup,w5e5_gcm_merged,oggm_v1.6.3_2025.6
CMIP6:2100:MRI-ESM2-0:ssp126:RGI2000-v7.0-G-04,CMIP6,MRI-ESM2-0,MRI-ESM2-0,ssp126,RGI2000-v7.0-G-04,2101,2000-2019,8.711034821688325e-06,/home/www/oggm/oggm-standard-projections/oggm_v16/2025.6/w5e5/regional_spinup/CMIP6/2100/RGI2000-v7.0-G-04/run_hydro_w5e5_gcm_merged_MRI-ESM2-0_ssp126_bc_2000_2019_endyr2101_Batch_*,regional_spinup,w5e5_gcm_merged,oggm_v1.6.3_2025.6
CMIP6:2100:MRI-ESM2-0:ssp585:RGI2000-v7.0-G-04,CMIP6,MRI-ESM2-0,MRI-ESM2-0,ssp585,RGI2000-v7.0-G-04,2101,2000-2019,8.711034821688325e-06,/home/www/oggm/oggm-standard-projections/oggm_v16/2025.6/w5e5/regional_spinup/CMIP6/2100/RGI2000-v7.0-G-04/run_hydro_w5e5_gcm_merged_MRI-ESM2-0_ssp585_bc_2000_2019_endyr2101_Batch_*,regional_spinup,w5e5_gcm_merged,oggm_v1.6.3_2025.6
CMIP6:2100:MRI-ESM2-0:ssp585:RGI2000-v7.0-G-03,CMIP6,MRI-ESM2-0,MRI-ESM2-0,ssp585,RGI2000-v7.0-G-03,2101,2000-2019,0.007380388045006075,/home/www/oggm/oggm-standard-projections/oggm_v16/2025.6/w5e5/regional_spinup/CMIP6/2100/RGI2000-v7.0-G-03/run_hydro_w5e5_gcm_merged_MRI-ESM2-0_ssp585_bc_2000_2019_endyr2101_Batch_*,regional_spinup,w5e5_gcm_merged,oggm_v1.6.3_2025.6
CMIP6:2100:MRI-ESM2-0:ssp370:RGI2000-v7.0-G-03,CMIP6,MRI-ESM2-0,MRI-ESM2-0,ssp370,RGI2000-v7.0-G-03,2101,2000-2019,0.007380388045006075,/home/www/oggm/oggm-standard-projections/oggm_v16/2025.6/w5e5/regional_spinup/CMIP6/2100/RGI2000-v7.0-G-03/run_hydro_w5e5_gcm_merged_MRI-ESM2-0_ssp370_bc_2000_2019_endyr2101_Batch_*,regional_spinup,w5e5_gcm_merged,oggm_v1.6.3_2025.6
CMIP6:2100:MRI-ESM2-0:ssp126:RGI2000-v7.0-G-03,CMIP6,MRI-ESM2-0,MRI-ESM2-0,ssp126,RGI2000-v7.0-G-03,2101,2000-2019,0.007380388045006075,/home/www/oggm/oggm-standard-projections/oggm_v16/2025.6/w5e5/regional_spinup/CMIP6/2100/RGI2000-v7.0-G-03/run_hydro_w5e5_gcm_merged_MRI-ESM2-0_ssp126_bc_2000_2019_endyr2101_Batch_*,regional_spinup,w5e5_gcm_merged,oggm_v1.6.3_2025.6
CMIP6:2100:MRI-ESM2-0:ssp585:RGI2000-v7.0-G-09,CMIP6,MRI-ESM2-0,MRI-ESM2-0,ssp585,RGI2000-v7.0-G-09,2101,2000-2019,0.0,/home/www/oggm/oggm-standard-projections/oggm_v16/2025.6/w5e5/regional_spinup/CMIP6/2100/RGI2000-v7.0-G-09/run_hydro_w5e5_gcm_merged_MRI-ESM2-0_ssp585_bc_2000_2019_endyr2101_Batch_*,regional_spinup,w5e5_gcm_merged,oggm_v1.6.3_2025.6
CMIP6:2100:MRI-ESM2-0:ssp126:RGI2000-v7.0-G-09,CMIP6,MRI-ESM2-0,MRI-ESM2-0,ssp126,RGI2000-v7.0-G-09,2101,2000-2019,0.0,/home/www/oggm/oggm-standard-projections/oggm_v16/2025.6/w5e5/regional_spinup/CMIP6/2100/RGI2000-v7.0-G-09/run_hydro_w5e5_gcm_merged_MRI-ESM2-0_ssp126_bc_2000_2019_endyr2101_Batch_*,regional_spinup,w5e5_gcm_merged,oggm_v1.6.3_2025.6
CMIP6:2100:MRI-ESM2-0:ssp370:RGI2000-v7.0-G-09,CMIP6,MRI-ESM2-0,MRI-ESM2-0,ssp370,RGI2000-v7.0-G-09,2101,2000-2019,0.0,/home/www/oggm/oggm-standard-projections/oggm_v16/2025.6/w5e5/regional_spinup/CMIP6/2100/RGI2000-v7.0-G-09/run_hydro_w5e5_gcm_merged_MRI-ESM2-0_ssp370_bc_2000_2019_endyr2101_Batch_*,regional_spinup,w5e5_gcm_merged,oggm_v1.6.3_2025.6
CMIP6:2100:MRI-ESM2-0:ssp585:RGI2000-v7.0-G-10,CMIP6,MRI-ESM2-0,MRI-ESM2-0,ssp585,RGI2000-v7.0-G-10,2101,2000-2019,0.0006517973618406486,/home/www/oggm/oggm-standard-projections/oggm_v16/2025.6/w5e5/regional_spinup/CMIP6/2100/RGI2000-v7.0-G-10/run_hydro_w5e5_gcm_merged_MRI-ESM2-0_ssp585_bc_2000_2019_endyr2101_Batch_*,regional_spinup,w5e5_gcm_merged,oggm_v1.6.3_2025.6
CMIP6:2100:MRI-ESM2-0:ssp126:RGI2000-v7.0-G-10,CMIP6,MRI-ESM2-0,MRI-ESM2-0,ssp126,RGI2000-v7.0-G-10,2101,2000-2019,0.0006517973618406486,/home/www/oggm/oggm-standard-projections/oggm_v16/2025.6/w5e5/regional_spinup/CMIP6/2100/RGI2000-v7.0-G-10/run_hydro_w5e5_gcm_merged_MRI-ESM2-0_ssp126_bc_2000_2019_endyr2101_Batch_*,regional_spinup,w5e5_gcm_merged,oggm_v1.6.3_2025.6
CMIP6:2100:MRI-ESM2-0:ssp370:RGI2000-v7.0-G-10,CMIP6,MRI-ESM2-0,MRI-ESM2-0,ssp370,RGI2000-v7.0-G-10,2101,2000-2019,0.0006517973618406486,/home/www/oggm/oggm-standard-projections/oggm_v16/2025.6/w5e5/regional_spinup/CMIP6/2100/RGI2000-v7.0-G-10/run_hydro_w5e5_gcm_merged_MRI-ESM2-0_ssp370_bc_2000_2019_endyr2101_Batch_*,regional_spinup,w5e5_gcm_merged,oggm_v1.6.3_2025.6
CMIP6:2100:MRI-ESM2-0:ssp126:RGI2000-v7.0-G-14,CMIP6,MRI-ESM2-0,MRI-ESM2-0,ssp126,RGI2000-v7.0-G-14,2101,2000-2019,0.0001592055538912879,/home/www/oggm/oggm-standard-projections/oggm_v16/2025.6/w5e5/regional_spinup/CMIP6/2100/RGI2000-v7.0-G-14/run_hydro_w5e5_gcm_merged_MRI-ESM2-0_ssp126_bc_2000_2019_endyr2101_Batch_*,regional_spinup,w5e5_gcm_merged,oggm_v1.6.3_2025.6
CMIP6:2100:MRI-ESM2-0:ssp370:RGI2000-v7.0-G-14,CMIP6,MRI-ESM2-0,MRI-ESM2-0,ssp370,RGI2000-v7.0-G-14,2101,2000-2019,0.00015212687655710963,/home/www/oggm/oggm-standard-projections/oggm_v16/2025.6/w5e5/regional_spinup/CMIP6/2100/RGI2000-v7.0-G-14/run_hydro_w5e5_gcm_merged_MRI-ESM2-0_ssp370_bc_2000_2019_endyr2101_Batch_*,regional_spinup,w5e5_gcm_merged,oggm_v1.6.3_2025.6
CMIP6:2100:MRI-ESM2-0:ssp585:RGI2000-v7.0-G-14,CMIP6,MRI-ESM2-0,MRI-ESM2-0,ssp585,RGI2000-v7.0-G-14,2101,2000-2019,0.0001592055538912879,/home/www/oggm/oggm-standard-projections/oggm_v16/2025.6/w5e5/regional_spinup/CMIP6/2100/RGI2000-v7.0-G-14/run_hydro_w5e5_gcm_merged_MRI-ESM2-0_ssp585_bc_2000_2019_endyr2101_Batch_*,regional_spinup,w5e5_gcm_merged,oggm_v1.6.3_2025.6
CMIP6:2100:MRI-ESM2-0:ssp585:RGI2000-v7.0-G-07,CMIP6,MRI-ESM2-0,MRI-ESM2-0,ssp585,RGI2000-v7.0-G-07,2101,2000-2019,1.0211204423794975e-06,/home/www/oggm/oggm-standard-projections/oggm_v16/2025.6/w5e5/regional_spinup/CMIP6/2100/RGI2000-v7.0-G-07/run_hydro_w5e5_gcm_merged_MRI-ESM2-0_ssp585_bc_2000_2019_endyr2101_Batch_*,regional_spinup,w5e5_gcm_merged,oggm_v1.6.3_2025.6
CMIP6:2100:MRI-ESM2-0:ssp126:RGI2000-v7.0-G-07,CMIP6,MRI-ESM2-0,MRI-ESM2-0,ssp126,RGI2000-v7.0-G-07,2101,2000-2019,1.0211204423794975e-06,/home/www/oggm/oggm-standard-projections/oggm_v16/2025.6/w5e5/regional_spinup/CMIP6/2100/RGI2000-v7.0-G-07/run_hydro_w5e5_gcm_merged_MRI-ESM2-0_ssp126_bc_2000_2019_endyr2101_Batch_*,regional_spinup,w5e5_gcm_merged,oggm_v1.6.3_2025.6
CMIP6:2100:MRI-ESM2-0:ssp370:RGI2000-v7.0-G-07,CMIP6,MRI-ESM2-0,MRI-ESM2-0,ssp370,RGI2000-v7.0-G-07,2101,2000-2019,1.0211204423794975e-06,/home/www/oggm/oggm-standard-projections/oggm_v16/2025.6/w5e5/regional_spinup/CMIP6/2100/RGI2000-v7.0-G-07/run_hydro_w5e5_gcm_merged_MRI-ESM2-0_ssp370_bc_2000_2019_endyr2101_Batch_*,regional_spinup,w5e5_gcm_merged,oggm_v1.6.3_2025.6
CMIP6:2100:MRI-ESM2-0:ssp585:RGI2000-v7.0-G-13,CMIP6,MRI-ESM2-0,MRI-ESM2-0,ssp585,RGI2000-v7.0-G-13,2101,2000-2019,0.0002965673523839454,/home/www/oggm/oggm-standard-projections/oggm_v16/2025.6/w5e5/regional_spinup/CMIP6/2100/RGI2000-v7.0-G-13/run_hydro_w5e5_gcm_merged_MRI-ESM2-0_ssp585_bc_2000_2019_endyr2101_Batch_*,regional_spinup,w5e5_gcm_merged,oggm_v1.6.3_2025.6
CMIP6:2100:MRI-ESM2-0:ssp370:RGI2000-v7.0-G-13,CMIP6,MRI-ESM2-0,MRI-ESM2-0,ssp370,RGI2000-v7.0-G-13,2101,2000-2019,0.0002965673523839454,/home/www/oggm/oggm-standard-projections/oggm_v16/2025.6/w5e5/regional_spinup/CMIP6/2100/RGI2000-v7.0-G-13/run_hydro_w5e5_gcm_merged_MRI-ESM2-0_ssp370_bc_2000_2019_endyr2101_Batch_*,regional_spinup,w5e5_gcm_merged,oggm_v1.6.3_2025.6
CMIP6:2100:MRI-ESM2-0:ssp126:RGI2000-v7.0-G-13,CMIP6,MRI-ESM2-0,MRI-ESM2-0,ssp126,RGI2000-v7.0-G-13,2101,2000-2019,0.0002965673523839454,/home/www/oggm/oggm-standard-projections/oggm_v16/2025.6/w5e5/regional_spinup/CMIP6/2100/RGI2000-v7.0-G-13/run_hydro_w5e5_gcm_merged_MRI-ESM2-0_ssp126_bc_2000_2019_endyr2101_Batch_*,regional_spinup,w5e5_gcm_merged,oggm_v1.6.3_2025.6
CMIP6:2100:MRI-ESM2-0:ssp370:RGI2000-v7.0-G-19,CMIP6,MRI-ESM2-0,MRI-ESM2-0,ssp370,RGI2000-v7.0-G-19,2101,2000-2019,0.0034197621024757534,/home/www/oggm/oggm-standard-projections/oggm_v16/2025.6/w5e5/regional_spinup/CMIP6/2100/RGI2000-v7.0-G-19/run_hydro_w5e5_gcm_merged_MRI-ESM2-0_ssp370_bc_2000_2019_endyr2101_Batch_*,regional_spinup,w5e5_gcm_merged,oggm_v1.6.3_2025.6
CMIP6:2100:MRI-ESM2-0:ssp126:RGI2000-v7.0-G-19,CMIP6,MRI-ESM2-0,MRI-ESM2-0,ssp126,RGI2000-v7.0-G-19,2101,2000-2019,0.0034197621024757534,/home/www/oggm/oggm-standard-projections/oggm_v16/2025.6/w5e5/regional_spinup/CMIP6/2100/RGI2000-v7.0-G-19/run_hydro_w5e5_gcm_merged_MRI-ESM2-0_ssp126_bc_2000_2019_endyr2101_Batch_*,regional_spinup,w5e5_gcm_merged,oggm_v1.6.3_2025.6
CMIP6:2100:MRI-ESM2-0:ssp585:RGI2000-v7.0-G-19,CMIP6,MRI-ESM2-0,MRI-ESM2-0,ssp585,RGI2000-v7.0-G-19,2101,2000-2019,0.0034197621024757534,/home/www/oggm/oggm-standard-projections/oggm_v16/2025.6/w5e5/regional_spinup/CMIP6/2100/RGI2000-v7.0-G-19/run_hydro_w5e5_gcm_merged_MRI-ESM2-0_ssp585_bc_2000_2019_endyr2101_Batch_*,regional_spinup,w5e5_gcm_merged,oggm_v1.6.3_2025.6
